06/02/2023,24,78,5.66,0
06/02/2023,24,78,5.66,0,80.89902907420752,6.4862347719999995,4.024,1.6670819704796889,5.924866188927773,0.773594291788653
06/02/2023,24,78,5.66,0,82.07995848599333,7.312469543999999,8.048,1.9144487429914165,6.949208232858301,0.9579902611762013
06/02/2023,24,78,5.66,0,82.5526539910306,8.138704315999998,12.072,2.0294679375078077,7.899394197164476,1.3588271569891772
06/02/2023,24,78,5.66,0,82.74053173855597,8.964939087999998,16.096,2.0779570371378044,8.810639610740855,1.6187364428851125
06/02/2023,24,78,5.66,0,82.81499618130962,9.791173859999997,20.12,2.0976272916621035,9.698924780791947,1.8097392764291746
06/02/2023,24,78,5.66,0,82.86198152645278,10.617408631999997,24.144000000000002,2.1101726625745916,10.572549545764351,1.9780598815196195
06/02/2023,24,78,5.66,0,82.90898238382387,11.443643403999996,28.168000000000003,2.1228266382103804,11.436252212304746,2.138598712368864
06/02/2023,24,78,5.66,0,82.95599875854424,12.269878175999995,32.192,2.135590007049292,12.566014977477936,2.3356553578030055
06/02/2023,24,78,5.66,0,83.00303065573699,13.096112947999995,36.216,2.148463561987196,13.756218004325339,2.535471388452782
06/02/2023,24,78,5.66,0,83.05007808052683,13.922347719999994,40.24,2.161448100359324,14.930475920352885,2.7275329488753073
06/02/2023,24,78,5.66,0,83.09714103804022,14.748582491999993,44.264,2.1745444239638143,16.092378985958106,2.913534608462984
06/02/2023,24,78,5.66,0,83.14421953340529,15.574817263999993,48.288000000000004,2.1877533390854036,17.244514850270022,3.094659799277316
06/02/2023,24,78,5.66,0,83.19131357175186,16.401052035999992,52.312000000000005,2.20107565651929,18.388795696446223,3.271773255060805
06/02/2023,24,78,5.66,0,83.23842315821146,17.22728680799999,56.336000000000006,2.214512191595224,19.526665139774124,3.4455295969149047
06/02/2023,24,78,5.66,0,83.2855482979173,18.05352157999999,60.36000000000001,2.2280637642017425,20.659233467119652,3.6164387708285735
06/02/2023,24,78,5.66,0,83.3326889960043,18.87975635199999,64.384,2.2417311988106134,21.78736859277578,3.784907548096561
06/02/2023,24,78,5.66,0,83.37984525760903,19.70599112399999,68.408,2.2555153245014594,22.91175877247211,3.951266948782042
06/02/2023,24,78,5.66,0,83.42701708786983,20.53222589599999,72.432,2.2694169749865853,24.032956802783715,4.1157909897595
06/02/2023,24,78,5.66,0,83.47420449192667,21.35846066799999,76.456,2.283436988635982,25.151411783804555,4.27870987541125
06/02/2023,24,78,5.66,0,83.52140747492128,22.184695439999988,80.48,2.297576208502543,26.26749234485956,4.440219510331449
06/02/2023,24,78,5.66,0,83.56862604199702,23.010930211999987,84.504,2.3118354823474565,27.381503895408276,4.600488508742723
06/02/2023,24,78,5.66,0,83.61586019829899,23.837164983999987,88.528,2.326215662665805,28.493701620605737,4.75966345813523
06/02/2023,24,78,5.66,0,83.66310994897397,24.663399755999986,92.552,2.3407176067123756,29.604300397789036,4.917872939025236
06/02/2023,24,78,5.66,0,83.71037529917045,25.489634527999986,96.57600000000001,2.3553421765276683,30.713482452679038,5.0752306413896955
06/02/2023,24,78,5.66,0,83.75765625403862,26.315869299999985,100.60000000000001,2.370090238964088,31.82140333435626,5.2318378137993005
06/02/2023,24,78,5.66,0,83.80495281873038,27.142104071999984,104.62400000000001,2.384962665712359,32.92819662451462,5.387785211954546
06/02/2023,24,78,5.66,0,83.85226499839932,27.968338843999984,108.64800000000001,2.399960333328148,34.03397768314024,5.543154666399245
06/02/2023,24,78,5.66,0,83.89959279820071,28.794573615999983,112.67200000000001,2.4150841232588856,35.13884665304997,5.698020356812798
06/02/2023,24,78,5.66,0,83.94693622329154,29.620808387999983,116.69600000000001,2.430334921870809,36.24289088891455,5.852449857568372
06/02/2023,24,77,5.66,0,83.99429527883053,30.484599285999984,120.72000000000001,2.4457136204762193,37.37442571820753,6.009513470984375
06/02/2023,24,77,5.66,0,84.04166996997806,31.348390183999985,124.74400000000001,2.461221115360925,38.50551714620378,6.166235415646234
06/02/2023,24,77,5.66,0,84.08906030189623,32.21218108199999,128.768,2.476858307811949,39.63620447221667,6.322668823401173
06/02/2023,24,77,5.66,0,84.13646627974883,33.075971979999984,132.792,2.492626104145407,40.76652248462153,6.478862967695908
06/02/2023,24,77,5.66,0,84.18388790870141,33.93976287799998,136.816,2.508525415734646,41.89650209003101,6.634863686407126
06/02/2023,24,77,5.66,0,84.23132519392118,34.80355377599998,140.84,2.524557159038571,43.02617084002115,6.790713745149267
06/02/2023,24,77,5.66,0,84.27877814057703,35.66734467399998,144.864,2.5407222556302043,44.15555337435627,6.946453151162994
06/02/2023,24,77,5.66,0,84.32624675383963,36.531135571999975,148.888,2.5570216322255006,45.284671795758626,7.102119425903001
06/02/2023,24,77,5.66,0,84.37373103888129,37.39492646999997,152.912,2.5734562207123437,46.41354598824822,7.257747842897593
06/02/2023,24,77,5.66,0,84.42123100087606,38.25871736799997,156.936,2.5900269581797972,47.54219388872293,7.413371636238517
06/02/2023,24,77,5.66,0,84.46874664499968,39.12250826599997,160.96,2.6067347869475883,48.67063171960064,7.569022184098356
06/02/2023,24,77,5.66,0,84.51627797642963,39.986299163999966,164.984,2.623580654595833,49.798874188884476,7.724729170906347
06/02/2023,24,77,5.66,0,84.56382500034505,40.850090061999964,169.008,2.6405655139949404,50.926934662851856,7.880520731198103
06/02/2023,24,77,5.66,0,84.61138772192686,41.71388095999996,173.032,2.6576903233358715,52.05482531564039,8.036423577658345
06/02/2023,24,77,5.66,0,84.64754666247885,42.57767185799996,177.056,2.670799649748619,53.18255725925781,8.181273103742459
06/02/2023,24,80,5.66,0,84.04930034642923,43.32879437799996,181.08,2.463730443073886,54.22200583972041,7.711062868855366
06/02/2023,24,80,5.66,0,83.95133027768473,44.079916897999965,185.104,2.4317566002613913,55.260847654255215,7.715056992449986
06/02/2023,24,80,5.66,0,83.93522144035148,44.83103941799997,189.12800000000001,2.426549819569813,56.29911836967911,7.792906348652505
06/02/2023,24,80,5.66,0,83.93257096692594,45.58216193799997,193.15200000000002,2.4256944807862255,57.336850911114816,7.882245772434232
06/02/2023,24,80,5.66,0,83.93213482266357,46.33328445799997,197.17600000000002,2.425553768742248,58.37407572046487,7.972847223800499
06/02/2023,24,80,5.66,0,83.93206305237693,47.084406977999976,201.20000000000002,2.4255306146854196,59.41082098618555,8.063032698654112
06/02/2023,24,80,5.66,0,83.93205124208909,47.83552949799998,205.22400000000002,2.4255268045551865,60.44711284801093,8.152540020794122
06/02/2023,24,80,5.66,0,83.93204929862509,48.58665201799998,209.24800000000002,2.425526177572812,61.48297557975644,8.241341209136216
06/02/2023,24,80,5.66,0,83.93204897881472,49.337774537999984,213.27200000000002,2.4255260743985696,62.51843175289221,8.329446447999969
06/02/2023,24,80,5.66,0,83.93204892618773,50.088897057999986,217.29600000000002,2.4255260574205417,63.5535023832054,8.416871598658592
06/02/2023,24,80,5.66,0,83.93204891752758,50.84001957799999,221.32000000000002,2.425526054626684,64.58820706255703,8.503632850106516
06/02/2023,24,80,5.66,0,83.9320489161025,51.59114209799999,225.34400000000002,2.4255260541669386,65.62256407747101,8.589745870190402
06/02/2023,24,80,5.66,0,83.93204891586801,52.342264617999994,229.36800000000002,2.425526054091288,66.65659051606552,8.675225700306019
06/02/2023,24,80,5.66,0,83.93204891582941,53.093387138,233.39200000000002,2.425526054078836,67.69030236464235,8.76008677058889
06/02/2023,24,80,5.66,0,83.93204891582305,53.844509658,237.41600000000003,2.4255260540767827,68.7237145950824,8.84434293250625
06/02/2023,24,80,5.66,0,83.93204891582201,54.595632178,241.44000000000003,2.425526054076449,69.75684124405257,8.928007491999645
06/02/2023,24,80,5.66,0,83.93204891582184,55.346754698000005,245.46400000000003,2.425526054076394,70.78969548490535,9.011093240605623
06/02/2023,24,80,5.66,0,83.93204891582181,56.09787721800001,249.48800000000003,2.425526054076384,71.8222896930455,9.09361248432614
06/02/2023,24,80,5.66,0,83.93204891582181,56.84899973800001,253.51200000000003,2.425526054076384,72.85463550544632,9.175577070386161
06/02/2023,24,80,5.66,0,83.93204891582181,57.60012225800001,257.536,2.425526054076384,73.88674387491719,9.256998412058582
06/02/2023,24,80,5.66,0,83.93204891582181,58.351244778000016,261.56,2.425526054076384,74.91862511965472,9.337887511726539
06/02/2023,24,80,5.66,0,83.93204891582181,59.10236729800002,265.584,2.425526054076384,75.95028896854876,9.418254982336906
06/02/2023,24,80,5.66,0,83.93204891582181,59.85348981800002,269.608,2.425526054076384,76.98174460266183,9.498111067383139
06/02/2023,24,80,5.66,0,83.93204891582181,60.604612338000024,273.632,2.425526054076384,78.01300069325355,9.577465659541865
06/02/2023,24,80,5.66,0,83.93204891582181,61.35573485800003,277.656,2.425526054076384,79.04406543668125,9.656328318074912
06/02/2023,24,80,5.66,0,83.93204891582181,62.10685737800003,281.68,2.425526054076384,80.07494658647244,9.728113176771894
06/02/2023,24,80,5.66,0,83.93204891582181,62.85797989800003,285.704,2.425526054076384,81.10565148283254,9.807006742442722
06/02/2023,24,80,5.66,0,83.93204891582181,63.609102418000035,289.728,2.425526054076384,82.13618707982408,9.885253134617868
06/02/2023,24,80,5.66,0,83.93204891582181,64.36022493800003,293.752,2.425526054076384,83.16655997042925,9.962840739011348
06/02/2023,24,80,5.66,0,83.93204891582181,65.11134745800003,297.776,2.425526054076384,84.19677640968527,10.039758403465667
06/02/2023,24,79,5.66,0,83.97940305631109,65.90002610400002,301.8,2.4408644422609735,85.2582792678579,10.171622429993965
06/02/2023,24,79,5.66,0,84.0267728307862,66.68870475000001,305.824,2.4563313443787917,86.3197094839631,10.303710189587953
06/02/2023,24,79,5.66,0,84.07415824440871,67.47738339600001,309.848,2.4719276601413855,87.38106978842134,10.436007141119001
06/02/2023,24,79,5.66,0,84.1215593023419,68.266062042,313.872,2.4876542942806212,88.44236277650741,10.568499065083396
06/02/2023,24,79,5.66,0,84.16897600975075,69.054740688,317.896,2.5035121565767193,89.50359091660981,10.70117207557683
06/02/2023,24,79,5.66,0,84.17993399726248,69.84341933399999,321.92,2.507194919296888,90.56475655789154,10.790525518491183
06/02/2023,24,79,5.66,0,84.181751194369,70.63209797999998,325.944,2.5078062988170893,91.6258619374027,10.868300555147016
06/02/2023,24,79,5.66,0,84.18205252345858,71.42077662599998,329.968,2.507907696298657,92.68690918668975,10.943472187855761
06/02/2023,24,79,5.66,0,84.18210248947666,72.20945527199997,333.992,2.5079245104000045,93.74790033794274,11.017532242318115
06/02/2023,24,79,5.66,0,84.18211077476325,72.99813391799997,338.016,2.507927298501499,94.80883732971766,11.090723588069277
06/02/2023,24,79,5.66,0,84.182112148616,73.78681256399996,342.04,2.5079277608203334,95.8697220122679,11.163081289708638
06/02/2023,24,79,5.66,0,84.18211237642602,74.57549120999995,346.064,2.507927837481295,96.93055615251532,11.23460623831127
06/02/2023,24,79,5.66,0,84.18211241420109,75.36416985599995,350.088,2.507927850193085,97.99134143868947,11.30529409545984
06/02/2023,24,79,5.66,0,84.18211242046489,76.15284850199994,354.112,2.5079278523009356,99.05207948466011,11.375140113700372
06/02/2023,24,79,5.66,0,84.18211242150353,76.94152714799993,358.136,2.507927852650452,100.11277183398676,11.444139934932485
06/02/2023,24,77,5.66,0,84.22954912054558,77.80531804599994,362.16,2.523954621867181,101.23702441202329,11.575870445226023
06/02/2023,24,77,5.66,0,84.27700148083021,78.66910894399994,366.184,2.5401147097805152,102.36127698619804,11.707571473958133
06/02/2023,24,77,5.66,0,84.32446950752797,79.53289984199995,370.208,2.5564090429133555,103.48552955663688,11.839233019891429
06/02/2023,24,77,5.66,0,84.37195320581112,80.39669073999995,374.232,2.5728385529594533,104.60978212346029,11.970845608435566
06/02/2023,24,77,5.66,0,84.41945258085369,81.26048163799996,378.25600000000003,2.5894041768126477,105.73403468678367,12.102400291181544
06/02/2023,24,77,5.66,0,84.46696763783133,82.12427253599996,382.28000000000003,2.6061068565963255,106.85828724671747,12.233888644551438
06/02/2023,24,77,5.66,0,84.51449838192143,82.98806343399997,386.30400000000003,2.622947539693126,107.98253980336759,12.365302767596923
06/02/2023,24,77,5.66,0,84.56204481830311,83.85185433199997,390.32800000000003,2.6399271787749035,109.10679235683557,12.496635278980651
06/02/2023,24,77,5.66,0,84.6096069521572,84.71564522999998,394.35200000000003,2.6570467318328777,110.23104490721879,12.627879313175967
06/02/2023,24,77,5.66,0,84.64724644774238,85.57943612799998,398.37600000000003,2.6706904850334956,111.3552974546107,12.745362810591176
06/02/2023,24,77,5.66,0,84.65359066702261,86.44322702599999,402.40000000000003,2.6729985348133227,112.47954999910105,12.819192628725643
06/02/2023,24,77,5.66,0,84.65465972776,87.307017924,406.42400000000004,2.6733877010020177,113.60380254077599,12.884779719816539
06/02/2023,24,77,5.66,0,84.65483986686604,88.170808822,410.44800000000004,2.6734532831295943,114.72805507971827,12.948140966135986
06/02/2023,24,77,5.66,0,84.65487022048634,89.03459972,414.47200000000004,2.673464333975949,115.85230761600745,13.010297759704741
06/02/2023,24,77,5.66,0,84.65487533509562,89.89839061800001,418.49600000000004,2.673466196057843,116.97656014972014,13.07142610268059
06/02/2023,24,79,5.66,0,84.26029061449395,90.687069264,422.52000000000004,2.5344091019079253,118.0372060633096,12.585368350136442
06/02/2023,24,79,5.66,0,84.19506992035512,91.47574791,426.54400000000004,2.5122929626089836,119.09781527128737,12.551770194956623
06/02/2023,24,79,5.66,0,84.18426085128192,92.26442655599999,430.56800000000004,2.5086509570081126,120.15838877213822,12.590179560098552
06/02/2023,24,79,5.66,0,84.18246866633778,93.05310520199998,434.59200000000004,2.5080477371497047,121.21892752845726,12.639804610087417
06/02/2023,24,79,5.66,0,84.1821714934883,93.84178384799998,438.61600000000004,2.5079477312224814,122.27943246854814,12.690603029191832
06/02/2023,24,79,5.66,0,84.18212221689215,94.63046249399997,442.64000000000004,2.5079311489258913,123.33990448793656,12.740910299612084
06/02/2023,24,79,5.66,0,84.18211404593097,95.41914113999997,446.66400000000004,2.507928399291001,124.4003444508044,12.79045417359651
06/02/2023,24,79,5.66,0,84.18211269103568,96.20781978599996,450.68800000000005,2.507927943351447,125.460753191349,12.8391942076505
06/02/2023,24,79,5.66,0,84.18211246636916,96.99649843199995,454.71200000000005,2.507927867748308,126.52113151507251,12.88712873800663
06/02/2023,24,79,5.66,0,84.1821124291153,97.78517707799995,458.73600000000005,2.50792785521191,127.58148020000527,12.934262760398589
06/02/2023,24,79,5.66,0,84.18211242293796,98.57385572399994,462.76000000000005,2.5079278531331557,128.641799997867,12.980602576331094
06/02/2023,24,79,5.66,0,84.18211242191364,99.36253436999993,466.78400000000005,2.507927852788459,129.70209163516967,13.026154891966355
06/02/2023,24,79,5.66,0,84.18211242174377,100.15121301599993,470.80800000000005,2.5079278527312936,130.76235581426533,13.0709266577759
06/02/2023,24,79,5.66,0,84.18211242171562,100.93989166199992,474.83200000000005,2.5079278527218207,131.8225932143422,13.114925031545589
06/02/2023,24,79,5.66,0,84.18211242171095,101.72857030799992,478.85600000000005,2.5079278527202504,132.88280449237166,13.158157362053432
06/02/2023,24,78,5.66,0,84.22954912075306,102.55480507999992,482.88000000000005,2.523954621937559,133.97504129438715,13.268139153318478
06/02/2023,24,78,5.66,0,84.27700148103776,103.38103985199993,486.90400000000005,2.5401147098514776,135.0672734449138,13.378054887839504
06/02/2023,24,78,5.66,0,84.32446950773559,104.20727462399994,490.92800000000005,2.5564090429849085,136.15950105703615,13.487907327751627
06/02/2023,24,78,5.66,0,84.37195320601882,105.03350939599994,494.95200000000006,2.5728385530315996,137.25172424020246,13.597699451800878
06/02/2023,24,78,5.66,0,84.41425257590441,105.85974416799995,498.97600000000006,2.587584254947648,138.34394310036987,13.699920078250491
06/02/2023,24,78,5.66,0,84.42132461469939,106.68597893999996,503.00000000000006,2.590059745726945,139.43615774014236,13.750796368784552
06/02/2023,24,78,5.66,0,84.42250665224346,107.51221371199996,507.02400000000006,2.5904737895700736,140.52836825890245,13.792401976683355
06/02/2023,24,78,5.66,0,84.42270421139966,108.33844848399997,511.04800000000006,2.590542998493369,141.62057475293656,13.831824379193069
06/02/2023,24,78,5.66,0,84.4227372300705,109.16468325599998,515.072,2.5905545658160825,142.7127773155547,13.870259744257003
06/02/2023,24,78,5.66,0,84.42274274857539,109.99091802799998,519.096,2.590556499102011,143.8049760372045,13.907916497366546
06/02/2023,24,78,5.66,0,84.42274367089868,110.81715279999999,523.12,2.5905568222177178,144.8971710055803,13.944837636190547
06/02/2023,24,78,5.66,0,84.42274382504917,111.643387572,527.144,2.5905568762209588,145.9893623057271,13.981038502595432
06/02/2023,24,78,5.66,0,84.42274385081278,112.469622344,531.168,2.590556885246676,147.0815500201396,14.016529853688432
06/02/2023,24,78,5.66,0,84.42274385511874,113.29585711600001,535.192,2.590556886755174,148.1737342288573,14.051321718030744
06/02/2023,24,78,5.66,0,84.42274385583839,114.12209188800001,539.216,2.5905568870072893,149.26591500955539,14.085424033456247
06/02/2023,24,79,5.66,0,84.22195786596627,114.91077053400001,543.24,2.521381291838173,150.32595966553623,13.824143116722668
06/02/2023,24,79,5.66,0,84.18871799990308,115.69944918,547.264,2.5101519470264533,151.38598418933404,13.807376805462008
06/02/2023,24,79,5.66,0,84.18320770585792,116.488127826,551.288,2.5082964636522607,152.4459890107599,13.830009074621998
06/02/2023,24,79,5.66,0,84.18229403877784,117.27680647199999,555.312,2.5079889701029017,153.5059745474763,13.8586669413997
06/02/2023,24,79,5.66,0,84.18214253712286,118.06548511799998,559.336,2.5079379869646234,154.56594120542354,13.887832986254102
06/02/2023,24,79,5.66,0,84.18211741539757,118.85416376399998,563.36,2.507929533159952,155.62588937922789,13.916598683233298
06/02/2023,24,79,5.66,0,84.18211324975508,119.64284240999997,567.384,2.5079281313676396,156.6858194525931,13.94482058628501
06/02/2023,24,79,5.66,0,84.1821125590151,120.43152105599997,571.408,2.507927898924839,157.74573179867585,13.972482301127181
06/02/2023,24,79,5.66,0,84.18211244447772,121.22019970199996,575.432,2.50792786038156,158.80562678044546,13.99958851180293
06/02/2023,24,79,5.66,0,84.18211242548531,122.00887834799995,579.456,2.507927853990373,159.86550475102933,14.02614737411922
06/02/2023,24,79,5.66,0,84.18211242233603,122.79755699399995,583.48,2.507927852930599,160.92536605404416,14.052167587054187
06/02/2023,24,79,5.66,0,84.18211242181384,123.58623563999994,587.504,2.507927852754874,161.9852110239141,14.077657902350223
06/02/2023,24,79,5.66,0,84.18211242172724,124.37491428599994,591.528,2.507927852725733,163.04503998617605,14.102627039279534
06/02/2023,24,79,5.66,0,84.18211242171289,125.16359293199993,595.552,2.507927852720902,164.1048532577729,14.127083666907819
06/02/2023,24,79,5.66,0,84.1821124217105,125.95227157799992,599.576,2.5079278527200977,165.16465114733538,14.151036397767788
06/02/2023,24,79,5.66,0,84.1821124217101,126.74095022399992,603.6,2.5079278527199644,166.22443395545267,14.174493783623072
06/02/2023,24,79,5.66,0,84.18211242171003,127.52962886999991,607.624,2.507927852719941,167.28420197493267,14.197464311768845
06/02/2023,24,79,5.66,0,84.18211242171003,128.31830751599992,611.648,2.507927852719941,168.34395549105216,14.219956401606957
06/02/2023,24,79,5.66,0,84.18211242171003,129.1069861619999,615.672,2.507927852719941,169.40369478179733,14.241978401446193
06/02/2023,24,79,5.66,0,84.18211242171003,129.8956648079999,619.696,2.507927852719941,170.46342011809529,14.263538585514778
06/02/2023,24,79,5.66,0,84.18211242171003,130.6843434539999,623.72,2.507927852719941,171.52313176403675,14.284645151177322
06/02/2023,24,79,5.66,0,84.18211242171003,131.4730220999999,627.744,2.507927852719941,172.58282997709009,14.305306216349853
06/02/2023,24,79,5.66,0,84.18211242171003,132.2617007459999,631.768,2.507927852719941,173.64251500830792,14.325529817106595
06/02/2023,24,79,5.66,0,84.18211242171003,133.05037939199988,635.792,2.507927852719941,174.70218710252547,14.34532390547217
06/02/2023,24,79,5.66,0,84.18211242171003,133.83905803799988,639.816,2.507927852719941,175.76184649855202,14.364696347392817
06/02/2023,24,79,5.66,0,84.18211242171003,134.62773668399987,643.84,2.507927852719941,176.821493429355,14.383654920880524
06/02/2023,24,79,5.66,0,84.18211242171003,135.41641532999986,647.864,2.507927852719941,177.88112812223773,14.402207314323656
06/02/2023,24,79,5.66,0,84.18211242171003,136.20509397599986,651.888,2.507927852719941,178.94075079901035,14.42036112495814
06/02/2023,24,79,5.66,0,84.18211242171003,136.99377262199985,655.912,2.507927852719941,180.00036167615485,14.438123857492913
06/02/2023,24,79,5.66,0,84.18211242171003,137.78245126799985,659.936,2.507927852719941,181.05996096498416,14.45550292288367
06/02/2023,24,79,5.66,0,84.18211242171003,138.57112991399984,663.96,2.507927852719941,182.1195488717953,14.472505637249064
06/02/2023,24,79,5.66,0,84.18211242171003,139.35980855999983,667.984,2.507927852719941,183.17912559801755,14.489139220923398
06/02/2023,24,79,5.66,0,84.18211242171003,140.14848720599983,672.008,2.507927852719941,184.23869134035505,14.505410797640124
06/02/2023,24,79,5.66,0,84.18211242171003,140.93716585199982,676.032,2.507927852719941,185.29824629092468,14.521327393840515
06/02/2023,24,79,5.66,0,84.18211242171003,141.72584449799982,680.056,2.507927852719941,186.35779063738883,14.53689593810195
06/02/2023,24,79,5.66,0,84.18211242171003,142.5145231439998,684.08,2.507927852719941,187.4173245630839,14.552123260680524
06/02/2023,24,79,5.66,0,84.18211242171003,143.3032017899998,688.104,2.507927852719941,188.47684824714418,14.567016093162477
06/02/2023,24,79,5.66,0,84.18211242171003,144.0918804359998,692.128,2.507927852719941,189.5363618646215,14.581581068219585
06/02/2023,24,79,5.66,0,84.18211242171003,144.8805590819998,696.152,2.507927852719941,190.5958655866011,14.595824719463192
06/02/2023,24,79,5.66,0,84.18211242171003,145.66923772799979,700.176,2.507927852719941,191.655359580313,14.609753481392167
06/02/2023,24,79,5.66,0,84.18211242171003,146.45791637399978,704.2,2.507927852719941,192.71484400924027,14.623373689429995
06/02/2023,24,79,5.66,0,84.18211242171003,147.24659501999977,708.224,2.507927852719941,193.77431903322324,14.636691580046287
06/02/2023,24,79,5.66,0,84.18211242171003,148.03527366599977,712.248,2.507927852719941,194.8337848085605,14.64971329095829
06/02/2023,24,79,5.66,0,84.18211242171003,148.82395231199976,716.272,2.507927852719941,195.89324148810636,14.662444861408025
06/02/2023,24,79,5.66,0,84.18211242171003,149.61263095799976,720.296,2.507927852719941,196.9526892213652,14.674892232510757
06/02/2023,24,78,5.66,0,84.22954912075214,150.43886572999975,724.32,2.5239546219372464,198.04467388945824,14.759507692207869
06/02/2023,24,78,5.66,0,84.27700148103685,151.26510050199974,728.344,2.5401147098511654,199.13665819945578,14.8443500485072
06/02/2023,24,78,5.66,0,84.32446950773469,152.09133527399973,732.368,2.5564090429846007,200.22864215723774,14.929424024519587
06/02/2023,24,78,5.66,0,84.37195320601795,152.91757004599972,736.392,2.5728385530312985,201.32062576855603,15.014734295064553
06/02/2023,24,78,5.66,0,84.41425257590427,153.74380481799972,740.416,2.5875842549475983,202.41260903903796,15.092169873145268
06/02/2023,24,78,5.66,0,84.42132461469936,154.5700395899997,744.44,2.5900597457269354,203.50459197418965,15.114582837460324
06/02/2023,24,78,5.66,0,84.42250665224346,155.3962743619997,748.464,2.5904737895700736,204.59657457939915,15.127540675175812
06/02/2023,24,78,5.66,0,84.42270421139966,156.2225091339997,752.488,2.590542998493369,205.68855685993984,15.138701621144708
06/02/2023,24,78,5.66,0,84.4227372300705,157.0487439059997,756.5120000000001,2.5905545658160825,206.78053882097328,15.14935200613616
06/02/2023,24,78,5.66,0,84.42274274857539,157.87497867799968,760.5360000000001,2.590556499102011,207.87252046755214,15.159711572003534
06/02/2023,24,78,5.66,0,84.42274367089868,158.70121344999967,764.5600000000001,2.5905568222177178,208.96450180462313,15.169821580604825
06/02/2023,24,78,5.66,0,84.42274382504917,159.52744822199966,768.5840000000001,2.5905568762209588,210.05648283702982,15.179693360458273
06/02/2023,24,78,5.66,0,84.42274385081278,160.35368299399966,772.6080000000001,2.590556885246676,211.1484635695151,15.18933314996364
06/02/2023,24,69,6.69,0,84.64355057782025,161.51792289999966,776.6320000000001,2.811549019120841,212.53327479050714,16.175505254862816
06/02/2023,24,69,6.69,0,84.7112255696988,162.68216280599967,780.6560000000001,2.8375967772924,213.91769302448986,16.300525122377426
06/02/2023,24,69,6.69,0,84.75883695562946,163.84640271199967,784.6800000000001,2.856096992900008,215.30172511702148,16.39233445817543
06/02/2023,24,69,6.69,0,84.80646406047565,165.01064261799968,788.7040000000001,2.8747488089665114,216.68537775558497,16.4843269456177
06/02/2023,24,69,6.69,0,84.85410688942694,166.17488252399968,792.7280000000001,2.893553263800236,218.0686574741247,16.576510639316528
06/02/2023,24,69,6.69,0,84.90176544767466,167.3391224299997,796.7520000000001,2.91251140151285,219.45157065742757,16.668893434942294
06/02/2023,24,69,6.69,0,84.94943974041186,168.5033623359997,800.7760000000001,2.93162427205301,220.8341235453551,16.76148307154775
06/02/2023,24,69,6.69,0,84.99712977283328,169.6676022419997,804.8000000000001,2.9508929312402175,222.21632223693223,16.85428713394315
06/02/2023,24,69,6.69,0,85.04483555013535,170.8318421479997,808.8240000000001,2.9703184407990015,223.59817269429863,16.947313055115266
06/02/2023,24,69,6.69,0,85.09255707751629,171.99608205399971,812.8480000000001,2.989901868393372,224.97968074652727,17.04056811868341
06/02/2023,24,69,6.69,0,85.14029436017599,173.16032195999972,816.8720000000001,3.0096442876614824,226.3608520933163,17.134059461385693
06/02/2023,24,69,6.69,0,85.18804740331602,174.32456186599973,820.8960000000001,3.02954677825063,227.74169230855853,17.227794075590214
06/02/2023,24,69,6.69,0,85.23581621213975,175.48880177199973,824.9200000000001,3.049610425852544,229.1222068437934,17.321778811825503
06/02/2023,24,69,6.69,0,85.28360079185222,176.65304167799974,828.9440000000001,3.06983632223888,230.502401031546,17.416020381324397
06/02/2023,24,69,6.69,0,85.33140114766017,177.81728158399974,832.9680000000001,3.090225565297058,231.88228008855697,17.51052535857749
06/02/2023,24,69,6.69,0,85.37921728477212,178.98152148999975,836.9920000000001,3.110779259066387,233.26184911890834,17.605300183891263
06/02/2023,24,69,6.69,0,85.42704920839824,180.14576139599976,841.0160000000001,3.1314985137744173,234.64111311704818,17.700351165946454
06/02/2023,24,69,6.69,0,85.47489692375049,181.31000130199976,845.0400000000001,3.1523844458736665,236.02007697071858,17.79568448435365
06/02/2023,24,69,6.69,0,85.52276043604247,182.47424120799977,849.0640000000001,3.173438178078532,237.39874546379033,17.89130619220164
06/02/2023,24,69,6.69,0,85.57063975048955,183.63848111399977,853.0880000000001,3.194660839402604,238.77712327900727,17.98722221859619
06/02/2023,24,69,6.69,0,85.61853487230884,184.80272101999978,857.1120000000001,3.216053565196228,240.1552150006447,18.083438371185636
06/02/2023,24,69,6.69,0,85.66644580671915,185.96696092599979,861.1360000000001,3.2376174971843104,241.53302511708407,18.179960338670558
06/02/2023,24,69,6.69,0,85.714372558941,187.1312008319998,865.1600000000001,3.259353783504502,242.91055802330706,18.276793693295527
06/02/2023,24,69,6.69,0,85.76231513419665,188.2954407379998,869.1840000000001,3.2812635787456825,244.28781802331292,18.373943893320348
06/02/2023,24,69,6.69,0,85.81027353771007,189.4596806439998,873.2080000000001,3.303348043986656,245.6648093324603,18.471416285468365
06/02/2023,24,69,6.69,0,85.85824777470698,190.6239205499998,877.2320000000001,3.3256083468352826,247.04153607973754,18.569216107350847
06/02/2023,24,69,6.69,0,85.90623785041481,191.78816045599982,881.2560000000001,3.348045661467829,248.4180023099638,18.667348489864786
06/02/2023,24,69,6.69,0,85.9542437700627,192.95240036199982,885.2800000000001,3.370661168668635,249.79421198592252,18.765818459563217
06/02/2023,24,69,6.69,0,86.00226553888157,194.11664026799983,889.3040000000001,3.393456055870162,251.17016899043088,18.864630940996637
06/02/2023,24,70,6.69,0,86.050303162104,195.24332404799983,893.3280000000001,3.4164315171932382,252.51446904562798,18.96366164438446
06/02/2023,24,70,6.69,0,86.09492471104272,196.37000782799984,897.3520000000001,3.4379290868459202,253.85858410168163,19.05632695431077
06/02/2023,24,70,6.69,0,86.10258069213937,197.49669160799985,901.3760000000001,3.4416327094852046,255.20251687992203,19.076635707573427
06/02/2023,24,70,6.69,0,86.10389388302015,198.62337538799986,905.4000000000001,3.442268419805934,256.5462700485658,19.08435710990468
06/02/2023,24,70,6.69,0,86.10411911637169,199.75005916799986,909.4240000000001,3.442377467505044,257.8898462240051,19.089790752159526
06/02/2023,24,70,6.69,0,86.10415774717498,200.87674294799987,913.4480000000001,3.442396171162237,259.23324797206027,19.09470857284707
06/02/2023,24,70,6.69,0,86.10416437291096,202.00342672799988,917.4720000000001,3.4423993791186787,260.5764778091952,19.099418247115345
06/02/2023,24,70,6.69,0,86.10416550931926,203.1301105079999,921.4960000000001,3.4423999293293366,261.9195382036988,19.103976110468
06/02/2023,24,70,6.69,0,86.10416570422949,204.2567942879999,925.5200000000001,3.44240002369832,263.2624315768325,19.108395276831388
06/02/2023,24,70,6.69,0,86.10416573765939,205.3834780679999,929.5440000000001,3.4424000398839545,264.6051603039445,19.112681345433327
06/02/2023,24,70,6.69,0,86.1041657433931,206.5101618479999,933.5680000000001,3.4424000426600228,265.94772671555336,19.1168385291139
06/02/2023,24,70,6.69,0,86.1041657443765,207.63684562799992,937.5920000000001,3.442400043136155,267.2901330984002,19.120870708308114
06/02/2023,24,70,6.69,0,86.10416574454518,208.76352940799993,941.6160000000001,3.4424000432178263,268.63238169647207,19.12478161446307
06/02/2023,24,70,6.69,0,86.1041657445741,209.89021318799993,945.6400000000001,3.4424000432318294,269.97447471199655,19.128574864047355
06/02/2023,24,70,6.69,0,86.10416574457906,211.01689696799994,949.6640000000001,3.442400043234229,271.3164143064084,19.13225396686862
06/02/2023,24,69,6.69,0,86.1522370101896,212.18113687399995,953.6880000000001,3.465762460593124,272.68921966351695,19.230639257263395
06/02/2023,24,69,6.69,0,86.20032414654507,213.34537677999995,957.7120000000001,3.489309222221096,274.0618237525488,19.329426923147924
06/02/2023,24,69,6.69,0,86.2484271588852,214.50961668599996,961.7360000000001,3.5130415502332557,275.43422936863897,19.428620349590872
06/02/2023,24,69,6.69,0,86.28563580077554,215.67385659199996,965.7600000000001,3.5315216186470293,276.8064392554043,19.50636180410883
06/02/2023,24,69,6.69,0,86.29208430086372,216.83809649799997,969.7840000000001,3.5347352521048405,278.1784561061244,19.522550888148515
06/02/2023,24,69,6.69,0,86.29320159127437,218.00233640399998,973.8080000000001,3.535292386246307,279.55028256489095,19.52796063096865
06/02/2023,24,69,6.69,0,86.29339516873999,219.16657630999998,977.8320000000001,3.5353889230393882,280.92192122772565,19.531421296569484
06/02/2023,24,69,6.69,0,86.29342870698244,220.330816216,981.8560000000001,3.5354056488068513,282.2933746436676,19.534466344398467
06/02/2023,24,69,6.69,0,86.29343451763944,221.495056122,985.8800000000001,3.5354085466329974,283.66464531583114,19.53736390811494
06/02/2023,24,69,6.69,0,86.29343552436264,222.659296028,989.9040000000001,3.5354090486950436,285.03573570243583,19.540162769322173
06/02/2023,24,69,6.69,0,86.29343569878209,223.823535934,993.9280000000001,3.5354091356796262,286.4066482178083,19.54287362959582
06/02/2023,24,69,6.69,0,86.29343572900108,224.98777584,997.9520000000001,3.535409150750113,287.7773852333574,19.545500523710086
06/02/2023,24,69,6.69,0,86.29343573423664,226.15201574600002,1001.9760000000001,3.5354091533611345,289.14794907852416,19.54804626487295
06/02/2023,24,69,6.69,0,86.29343573514375,227.31625565200002,1006.0000000000001,3.5354091538135184,290.51834204170524,19.550513390226467
06/02/2023,24,69,6.69,0,86.2934357353009,228.48049555800003,1010.0240000000001,3.5354091538918935,291.88856637115384,19.552904326593055
06/02/2023,24,70,6.69,0,86.13659332568697,229.60717933800004,1014.0480000000001,3.4581403734287295,293.228000053759,19.24282421970187
06/02/2023,24,70,6.69,0,86.10972651136389,230.73386311800004,1018.0720000000001,3.4450935542315,294.5673144496481,19.191970850799564
06/02/2023,24,70,6.69,0,86.10511946524441,231.86054689800005,1022.0960000000001,3.442861837286503,295.90651108716287,19.18499100762356
06/02/2023,24,70,6.69,0,86.1043293203934,232.98723067800006,1026.1200000000001,3.442479242165036,297.24559146864715,19.185468907090588
06/02/2023,24,70,6.69,0,86.10419380013974,234.11391445800007,1030.144,3.4424136268242016,298.58455707099756,19.187175008381328
06/02/2023,24,70,6.69,0,86.1041705565081,235.24059823800008,1034.168,3.442402373009511,299.92340934619966,19.189042730584436
06/02/2023,24,70,6.69,0,86.10416656989437,236.36728201800008,1038.1919999999998,3.4424004428242068,301.26214972185153,19.190890613004417
06/02/2023,24,70,6.69,0,86.10416588613327,237.4939657980001,1042.2159999999997,3.442400111770025,302.60077960167297,19.192688962242343
06/02/2023,24,70,6.69,0,86.10416576885846,238.6206495780001,1046.2399999999996,3.442400054989501,303.9393003660032,19.19443407424176
06/02/2023,24,70,6.69,0,86.1041657487442,239.7473333580001,1050.2639999999994,3.442400045250846,305.27771337228535,19.196126661329952
06/02/2023,24,70,6.69,0,86.10416574529431,240.8740171380001,1054.2879999999993,3.4424000435805286,306.61601995553934,19.1977681530663
06/02/2023,24,70,6.69,0,86.1041657447026,242.00070091800012,1058.3119999999992,3.442400043294041,307.954221428823,19.1993600629188
06/02/2023,24,70,6.69,0,86.10416574460109,243.12738469800013,1062.335999999999,3.4424000432448927,309.2923190836816,19.200903880782224
06/02/2023,24,70,6.69,0,86.10416574458368,244.25406847800014,1066.359999999999,3.4424000432364643,310.63031419058706,19.202401055660687
06/02/2023,24,70,6.69,0,86.1041657445807,245.38075225800014,1070.3839999999989,3.4424000432350224,311.9682079993655,19.203852993783762
06/02/2023,24,70,6.69,0,86.1041657445802,246.50743603800015,1074.4079999999988,3.4424000432347794,313.30600173961534,19.205261059339314
06/02/2023,24,70,6.69,0,86.10416574458011,247.63411981800016,1078.4319999999987,3.442400043234739,314.6436966211146,19.206626575624767
06/02/2023,24,70,6.69,0,86.10416574458009,248.76080359800017,1082.4559999999985,3.4424000432347244,315.9812938342189,19.207950826240964
06/02/2023,24,70,6.69,0,86.10416574458009,249.88748737800017,1086.4799999999984,3.4424000432347244,317.3187945502493,19.209235056264955
06/02/2023,24,70,6.69,0,86.10416574458009,251.01417115800018,1090.5039999999983,3.4424000432347244,318.65619992187163,19.210480473390753
06/02/2023,24,70,6.69,0,86.10416574458009,252.1408549380002,1094.5279999999982,3.4424000432347244,319.9935110834665,19.211688249038318
06/02/2023,24,70,6.69,0,86.10416574458009,253.2675387180002,1098.551999999998,3.4424000432347244,321.3307291514898,19.21285951943021
06/02/2023,24,70,6.69,0,86.10416574458009,254.3942224980002,1102.575999999998,3.4424000432347244,322.66785522482587,19.213995386637354
06/02/2023,24,70,6.69,0,86.10416574458009,255.5209062780002,1106.5999999999979,3.4424000432347244,324.004890385132,19.215096919594473
06/02/2023,24,70,6.69,0,86.10416574458009,256.6475900580002,1110.6239999999977,3.4424000432347244,325.3418356971742,19.21616515508614
06/02/2023,24,70,6.69,0,86.10416574458009,257.7742738380002,1114.6479999999976,3.4424000432347244,326.67869220915594,19.21720109870408
06/02/2023,24,70,6.69,0,86.10416574458009,258.90095761800023,1118.6719999999975,3.4424000432347244,328.0154609530388,19.21820572577679
06/02/2023,24,70,6.69,0,86.10416574458009,260.02764139800024,1122.6959999999974,3.4424000432347244,329.3521429448561,19.219179982271974
06/02/2023,24,70,6.69,0,86.10416574458009,261.15432517800025,1126.7199999999973,3.4424000432347244,330.6887391850186,19.22012478567262
06/02/2023,24,70,6.69,0,86.10416574458009,262.28100895800026,1130.7439999999972,3.4424000432347244,332.025250658614,19.221041025827578
06/02/2023,24,69,6.69,0,86.1522370101906,263.44524886400023,1134.767999999997,3.465762460593615,333.3917531180883,19.31703203322554
06/02/2023,24,69,6.69,0,86.20032414654605,264.6094887700002,1138.791999999997,3.4893092222215776,334.7581374373168,19.41348992669048
06/02/2023,24,69,6.69,0,86.24842715888622,265.7737286760002,1142.8159999999968,3.5130415502337557,336.1244049762473,19.51041636377084
06/02/2023,24,69,6.69,0,86.28563580077571,266.93796858200017,1146.8399999999967,3.5315216186471137,337.4905570740344,19.585879200583765
06/02/2023,24,69,6.69,0,86.29208430086375,268.10220848800014,1150.8639999999966,3.5347352521048543,338.85659504943516,19.599653993585957
06/02/2023,24,69,6.69,0,86.29320159127438,269.2664483940001,1154.8879999999965,3.5352923862463155,340.22252020119623,19.602689197463416
06/02/2023,24,69,6.69,0,86.29339516874002,270.4306883000001,1158.9119999999964,3.535388923039401,341.58833380843197,19.6038427029017
06/02/2023,24,69,6.69,0,86.29342870698244,271.5949282060001,1162.9359999999963,3.5354056488068513,342.954037130994,19.604650750988554
06/02/2023,24,69,6.69,0,86.29343451763944,272.75916811200005,1166.9599999999962,3.5354085466329974,344.3196314098321,19.605380138991936
06/02/2023,24,69,6.69,0,86.29343552436264,273.92340801800003,1170.983999999996,3.5354090486950436,345.6851178673481,19.606077675033955
06/02/2023,24,69,6.69,0,86.29343569878209,275.087647924,1175.007999999996,3.5354091356796262,347.05049770774025,19.606752033066652
06/02/2023,24,69,6.69,0,86.29343572900108,276.25188783,1179.0319999999958,3.535409150750113,348.41577211734165,19.6074052624391
06/02/2023,24,69,6.69,0,86.29343573423664,277.41612773599996,1183.0559999999957,3.5354091533611345,349.78094226494966,19.608038247810633
06/02/2023,24,69,6.69,0,86.29343573514375,278.58036764199994,1187.0799999999956,3.5354091538135184,351.1460093021491,19.608651655658083
06/02/2023,24,69,6.69,0,86.2934357353009,279.7446075479999,1191.1039999999955,3.5354091538918935,352.5109743636278,19.609246098772847
06/02/2023,24,69,6.69,0,86.29343573532812,280.9088474539999,1195.1279999999954,3.535409153905465,353.87583856748546,19.609822165252496
06/02/2023,24,69,6.69,0,86.29343573533282,282.0730873599999,1199.1519999999953,3.5354091539078114,355.2406030155356,19.610380423999
06/02/2023,24,69,6.69,0,86.29343573533365,283.23732726599985,1203.1759999999952,3.535409153908222,356.60526879360106,19.610921426132187
06/02/2023,24,69,6.69,0,86.2934357353338,284.40156717199983,1207.199999999995,3.5354091539083004,357.9698369718027,19.611445705681295
06/02/2023,24,69,6.69,0,86.29343573533383,285.5658070779998,1211.223999999995,3.535409153908314,359.33430860484316,19.61195378013779
06/02/2023,24,69,6.69,0,86.29343573533383,286.7300469839998,1215.2479999999948,3.535409153908314,360.6986847322824,19.61244615097083
06/02/2023,24,69,6.69,0,86.29343573533383,287.89428688999976,1219.2719999999947,3.535409153908314,362.0629663788091,19.612923304123427
06/02/2023,24,69,6.69,0,86.29343573533383,289.05852679599974,1223.2959999999946,3.535409153908314,363.4271545545057,19.61338571049255
06/02/2023,24,69,6.69,0,86.29343573533383,290.2227667019997,1227.3199999999945,3.535409153908314,364.79125025510734,19.613833826394544
06/02/2023,24,69,6.69,0,86.29343573533383,291.3870066079997,1231.3439999999944,3.535409153908314,366.15525446225604,19.61426809401616
06/02/2023,24,69,6.69,0,86.29343573533383,292.5512465139997,1235.3679999999943,3.535409153908314,367.51916814374914,19.614688941851657
06/02/2023,24,69,6.69,0,86.29343573533383,293.71548641999965,1239.3919999999941,3.535409153908314,368.8829922537822,19.615096785126497
06/02/2023,24,69,6.69,0,86.29343573533383,294.8797263259996,1243.415999999994,3.535409153908314,370.2467277331874,19.615492026207992
06/02/2023,24,69,6.69,0,86.29343573533383,296.0439662319996,1247.439999999994,3.535409153908314,371.61037550966677,19.615875055003176
06/02/2023,24,69,6.69,0,86.29343573533383,297.2082061379996,1251.4639999999938,3.535409153908314,372.9739364980199,19.616246249344638
06/02/2023,24,69,6.69,0,86.29343573533383,298.37244604399956,1255.4879999999937,3.535409153908314,374.3374116003682,19.616605975364173
06/02/2023,24,69,6.69,0,86.29343573533383,299.53668594999954,1259.5119999999936,3.535409153908314,375.7008017063734,19.616954587855183
06/02/2023,24,69,6.69,0,86.29343573533383,300.7009258559995,1263.5359999999935,3.535409153908314,377.06410769345155,19.61729243062368
06/02/2023,24,69,6.69,0,86.29343573533383,301.8651657619995,1267.5599999999934,3.535409153908314,378.4273304269838,19.617619836828542
06/02/2023,24,69,6.69,0,86.29343573533383,303.02940566799947,1271.5839999999932,3.535409153908314,379.7904707605215,19.6179371293113
06/02/2023,24,69,6.69,0,86.29343573533383,304.19364557399945,1275.6079999999931,3.535409153908314,381.1535295359877,19.61824462091562
06/02/2023,24,69,6.69,0,86.29343573533383,305.3578854799994,1279.631999999993,3.535409153908314,382.51650758387444,19.618542614797036
06/02/2023,24,69,6.69,0,86.29343573533383,306.5221253859994,1283.655999999993,3.535409153908314,383.87940572343666,19.618831404723096
06/02/2023,24,69,6.69,0,86.29343573533383,307.6863652919994,1287.6799999999928,3.535409153908314,385.24222476288065,19.619111275364013
06/02/2023,24,69,6.69,0,86.29343573533383,308.85060519799936,1291.7039999999927,3.535409153908314,386.60496549955076,19.61938250257477
06/02/2023,24,69,6.69,0,86.29343573533383,310.01484510399933,1295.7279999999926,3.535409153908314,387.9676287201101,19.619645353668005
06/02/2023,24,69,6.69,0,86.29343573533383,311.1790850099993,1299.7519999999924,3.535409153908314,389.3302152007199,19.619900087678804
06/02/2023,24,69,6.69,0,86.29343573533383,312.3433249159993,1303.7759999999923,3.535409153908314,390.69272570721347,19.620146955621134
06/02/2023,24,69,6.69,0,86.29343573533383,313.50756482199927,1307.7999999999922,3.535409153908314,392.0551609952678,19.62038620073645
06/02/2023,24,69,6.69,0,86.29343573533383,314.67180472799924,1311.823999999992,3.535409153908314,393.417521810571,19.62061805873449
06/02/2023,24,69,6.69,0,86.29343573533383,315.8360446339992,1315.847999999992,3.535409153908314,394.779808888987,19.620842758026598
06/02/2023,24,69,6.69,0,86.29343573533383,317.0002845399992,1319.8719999999919,3.535409153908314,396.1420229567171,19.621060519952106
06/02/2023,24,69,6.69,0,86.29343573533383,318.1645244459992,1323.8959999999918,3.535409153908314,397.5041647304575,19.621271558997254
06/02/2023,24,69,6.69,0,86.29343573533383,319.32876435199915,1327.9199999999917,3.535409153908314,398.8662349175546,19.62147608300775
06/02/2023,24,69,6.69,0,86.29343573533383,320.49300425799913,1331.9439999999915,3.535409153908314,400.22823421615703,19.621674293394463
06/02/2023,24,69,6.69,0,86.29343573533383,321.6572441639991,1335.9679999999914,3.535409153908314,401.5901633153645,19.621866385332858
06/02/2023,24,69,6.69,0,86.29343573533383,322.8214840699991,1339.9919999999913,3.535409153908314,402.952022895374,19.622052547956315
06/02/2023,24,69,6.69,0,86.29343573533383,323.98572397599906,1344.0159999999912,3.535409153908314,404.31381362762335,19.622232964543283
06/02/2023,24,69,6.69,0,86.29343573533383,325.14996388199904,1348.039999999991,3.535409153908314,405.67553617493115,19.622407812698757
06/02/2023,24,69,6.69,0,86.29343573533383,326.314203787999,1352.063999999991,3.535409153908314,407.03719119163526,19.622577264530154
06/02/2023,24,69,6.69,0,86.29343573533383,327.478443693999,1356.0879999999909,3.535409153908314,408.3987793237275,19.622741486817674
06/02/2023,24,69,6.69,0,86.29343573533383,328.642683599999,1360.1119999999908,3.535409153908314,409.76030120898696,19.622900641179335
06/02/2023,24,69,6.69,0,86.29343573533383,329.80692350599895,1364.1359999999906,3.535409153908314,411.1217574771095,19.62305488423103
06/02/2023,24,69,6.69,0,86.29343573533383,330.97116341199893,1368.1599999999905,3.535409153908314,412.4831487498352,19.623204367741508
06/02/2023,24,69,6.69,0,86.29343573533383,332.1354033179989,1372.1839999999904,3.535409153908314,413.84447564107467,19.62334923878257
06/02/2023,24,70,6.69,0,86.1365933256926,333.2620870979989,1376.2079999999903,3.4581403734314686,415.17659629463174,19.310248927355026
06/02/2023,24,70,6.69,0,86.10972651136485,334.3887708779989,1380.2319999999902,3.4450935542319687,416.50867624861127,19.25721119015574
06/02/2023,24,70,6.69,0,86.1051194652446,335.51545465799893,1384.25599999999,3.4428618372865936,417.840715878733,19.248235428197454
06/02/2023,24,70,6.69,0,86.10432932039343,336.64213843799894,1388.27999999999,3.4424792421650507,419.17271555610614,19.246797999221382
06/02/2023,24,70,6.69,0,86.10419380013977,337.76882221799895,1392.3039999999899,3.442413626824216,420.50467564730053,19.246649978254226
06/02/2023,24,70,6.69,0,86.1041705565081,338.89550599799895,1396.3279999999897,3.442402373009511,421.83659651441457,19.246720123207115
06/02/2023,24,70,6.69,0,86.10416656989437,340.02218977799896,1400.3519999999896,3.4424004428242068,423.1684785151444,19.246824802889655
06/02/2023,24,70,6.69,0,86.10416588613327,341.14887355799897,1404.3759999999895,3.442400111770025,424.5003220028497,19.246932609270655
06/02/2023,24,70,6.69,0,86.10416576885846,342.275557337999,1408.3999999999894,3.442400054989501,425.8321273266198,19.247038239885875
06/02/2023,24,70,6.69,0,86.1041657487442,343.402241117999,1412.4239999999893,3.442400045250846,427.163894831338,19.24714086720616
06/02/2023,24,70,6.69,0,86.10416574529431,344.528924897999,1416.4479999999892,3.4424000435805286,428.495624857744,19.247240428744036
06/02/2023,24,70,6.69,0,86.1041657447026,345.655608677999,1420.471999999989,3.442400043294041,429.827317742497,19.247336990826746
06/02/2023,24,70,6.69,0,86.10416574460109,346.782292457999,1424.495999999989,3.4424000432448927,431.15897381823567,19.247430639546092
06/02/2023,24,70,6.69,0,86.10416574458368,347.908976237999,1428.5199999999888,3.4424000432364643,432.49059341363835,19.24752146212529
06/02/2023,24,70,6.69,0,86.1041657445807,349.035660017999,1432.5439999999887,3.4424000432350224,433.82217685348235,19.247609543791235
06/02/2023,24,70,6.69,0,86.1041657445802,350.16234379799903,1436.5679999999886,3.4424000432347794,435.1537244587006,19.24769496730447
06/02/2023,24,70,6.69,0,86.10416574458011,351.28902757799904,1440.5919999999885,3.442400043234739,436.4852365464391,19.247777812942648
06/02/2023,24,70,6.69,0,86.10416574458009,352.41571135799904,1444.6159999999884,3.4424000432347244,437.81671343011254,19.247858158560188
06/02/2023,24,70,6.69,0,86.10416574458009,353.54239513799905,1448.6399999999883,3.4424000432347244,439.14815541945865,19.24793607965892
06/02/2023,24,70,6.69,0,86.10416574458009,354.66907891799906,1452.6639999999882,3.4424000432347244,440.4795628205925,19.24801164945854
06/02/2023,24,70,6.69,0,86.10416574458009,355.79576269799907,1456.687999999988,3.4424000432347244,441.81093593605874,19.248084938965786
06/02/2023,24,70,6.69,0,86.10416574458009,356.9224464779991,1460.711999999988,3.4424000432347244,443.1422750648839,19.24815601704129
06/02/2023,24,70,6.69,0,86.10416574458009,358.0491302579991,1464.7359999999878,3.4424000432347244,444.4735805026275,19.248224950464454
06/02/2023,24,70,6.69,0,86.10416574458009,359.1758140379991,1468.7599999999877,3.4424000432347244,445.8048525414314,19.24829180399647
06/02/2023,24,70,6.69,0,86.10416574458009,360.3024978179991,1472.7839999999876,3.4424000432347244,447.1360914700701,19.2483566404413
06/02/2023,24,70,6.69,0,86.10416574458009,361.4291815979991,1476.8079999999875,3.4424000432347244,448.46729757399817,19.248419520704914
06/02/2023,24,70,6.69,0,86.10416574458009,362.5558653779991,1480.8319999999874,3.4424000432347244,449.79847113539853,19.248480503852637
06/02/2023,24,70,6.69,0,86.10416574458009,363.6825491579991,1484.8559999999873,3.4424000432347244,451.12961243322883,19.248539647164936
06/02/2023,24,70,6.69,0,86.10416574458009,364.8092329379991,1488.8799999999871,3.4424000432347244,452.4607217432672,19.24859700619127
06/02/2023,24,70,6.69,0,86.10416574458009,365.93591671799913,1492.903999999987,3.4424000432347244,453.7917993381582,19.248652634802504
06/02/2023,24,69,6.69,0,86.1522370101906,367.1001566239991,1496.927999999987,3.465762460593615,455.15171310232336,19.343898416397323
06/02/2023,24,69,6.69,0,86.20032414654605,368.2643965299991,1500.9519999999868,3.4893092222215776,456.5115767718564,19.439631285027012
06/02/2023,24,69,6.69,0,86.24842715888622,369.42863643599907,1504.9759999999867,3.5130415502337557,457.8713907758858,19.535852347107276
06/02/2023,24,69,6.69,0,86.28563580077571,370.59287634199904,1508.9999999999866,3.5315216186471137,459.2311555386524,19.610606313071784
06/02/2023,24,69,6.69,0,86.29208430086375,371.757116247999,1513.0239999999865,3.5347352521048543,460.59087147957894,19.62363016472796
06/02/2023,24,69,6.69,0,86.29320159127438,372.921356153999,1517.0479999999864,3.5352923862463155,461.9505390133386,19.62592688046522
06/02/2023,24,69,6.69,0,86.29339516874002,374.085596059999,1521.0719999999862,3.535388923039401,463.3101585499212,19.62636292848743
06/02/2023,24,69,6.69,0,86.29342870698244,375.24983596599895,1525.0959999999861,3.5354056488068513,464.6697304947002,19.626475404634615
06/02/2023,24,69,6.69,0,86.29343451763944,376.41407587199893,1529.119999999986,3.5354085466329974,466.0292552484966,19.62653068160814
06/02/2023,24,69,6.69,0,86.29343552436264,377.5783157779989,1533.143999999986,3.5354090486950436,467.3887332076431,19.62657494571584
06/02/2023,24,69,6.69,0,86.29343569878209,378.7425556839989,1537.1679999999858,3.5354091356796262,468.74816476404675,19.626616233010072
06/02/2023,24,69,6.69,0,86.29343572900108,379.90679558999886,1541.1919999999857,3.535409150750113,470.10755030525024,19.626655968747674
06/02/2023,24,69,6.69,0,86.29343573423664,381.07103549599884,1545.2159999999856,3.5354091533611345,471.46689021449316,19.626694431813252
06/02/2023,24,69,6.69,0,86.29343573514375,382.2352754019988,1549.2399999999855,3.5354091538135184,472.82618487077053,19.62673170148995
06/02/2023,24,69,6.69,0,86.2934357353009,383.3995153079988,1553.2639999999853,3.5354091538918935,474.1854346488924,19.626767821522183
06/02/2023,24,69,6.69,0,86.29343573532812,384.5637552139988,1557.2879999999852,3.535409153905465,475.54463991954105,19.626802828570405
06/02/2023,24,69,6.69,0,86.29343573533282,385.72799511999875,1561.3119999999851,3.5354091539078114,476.90380104932717,19.626836757169524
06/02/2023,24,69,6.69,0,86.29343573533365,386.89223502599873,1565.335999999985,3.535409153908222,478.2629184008468,19.626869640615777
06/02/2023,24,69,6.69,0,86.2934357353338,388.0564749319987,1569.359999999985,3.5354091539083004,479.6219923327347,19.626901511147224
06/02/2023,24,69,6.69,0,86.29343573533383,389.2207148379987,1573.3839999999848,3.535409153908314,480.9810231997196,19.626932400001152
06/02/2023,24,69,6.69,0,86.29343573533383,390.38495474399866,1577.4079999999847,3.535409153908314,482.3400113526763,19.626962337449452
06/02/2023,24,69,6.69,0,86.29343573533383,391.54919464999864,1581.4319999999846,3.535409153908314,483.69895713867834,19.626991352829094
06/02/2023,24,69,6.69,0,86.29343573533383,392.7134345559986,1585.4559999999844,3.535409153908314,485.0578609010492,19.62701947457116
06/02/2023,24,69,6.69,0,86.29343573533383,393.8776744619986,1589.4799999999843,3.535409153908314,486.4167229794128,19.627046730228912
06/02/2023,24,69,6.69,0,86.29343573533383,395.0419143679986,1593.5039999999842,3.535409153908314,487.77554370974326,19.627073146504973
06/02/2023,24,69,6.69,0,86.29343573533383,396.20615427399855,1597.527999999984,3.535409153908314,489.13432342441376,19.62709874927755
06/02/2023,24,69,6.69,0,86.29343573533383,397.3703941799985,1601.551999999984,3.535409153908314,490.49306245224466,19.62712356362601
06/02/2023,24,69,6.69,0,86.29343573533383,398.5346340859985,1605.5759999999839,3.535409153908314,491.8517611185508,19.62714761385554
06/02/2023,24,69,6.69,0,86.29343573533383,399.6988739919985,1609.5999999999838,3.535409153908314,493.2104197451882,19.627170923521067
06/02/2023,24,69,6.69,0,86.29343573533383,400.86311389799846,1613.6239999999837,3.535409153908314,494.5690386505996,19.627193515450475
06/02/2023,24,69,6.69,0,86.29343573533383,402.02735380399844,1617.6479999999835,3.535409153908314,495.9276181498604,19.627215411767125
06/02/2023,24,69,6.69,0,86.29343573533383,403.1915937099984,1621.6719999999834,3.535409153908314,497.28615855472174,19.627236633911515
06/02/2023,24,69,6.69,0,86.29343573533383,404.3558336159984,1625.6959999999833,3.535409153908314,498.6446601736556,19.627257202662488
06/02/2023,24,69,6.69,0,86.29343573533383,405.52007352199837,1629.7199999999832,3.535409153908314,500.0031233118966,19.62727713815766
06/02/2023,24,69,6.69,0,86.29343573533383,406.68431342799835,1633.743999999983,3.535409153908314,501.36154827148545,19.627296459913204
06/02/2023,24,69,6.69,0,86.29343573533383,407.8485533339983,1637.767999999983,3.535409153908314,502.7199353513098,19.627315186843138
06/02/2023,24,69,6.69,0,86.29343573533383,409.0127932399983,1641.7919999999829,3.535409153908314,504.07828484714554,19.627333337277793
06/02/2023,24,69,6.69,0,86.29343573533383,410.1770331459983,1645.8159999999828,3.535409153908314,505.43659705169733,19.62735092898199
06/02/2023,24,69,6.69,0,86.29343573533383,411.34127305199826,1649.8399999999826,3.535409153908314,506.79487225463834,19.627367979172455
06/02/2023,24,69,6.69,0,86.29343573533383,412.50551295799823,1653.8639999999825,3.535409153908314,508.15311074264906,19.627384504534746
06/02/2023,24,69,6.69,0,86.29343573533383,413.6697528639982,1657.8879999999824,3.535409153908314,509.5113127994562,19.627400521239664
06/02/2023,24,69,6.69,0,86.29343573533383,414.8339927699982,1661.9119999999823,3.535409153908314,510.8694787058707,19.62741604495919
06/02/2023,24,69,6.69,0,86.29343573533383,415.99823267599817,1665.9359999999822,3.535409153908314,512.2276087398245,19.627431090881846
06/02/2023,24,69,6.69,0,86.29343573533383,417.16247258199814,1669.959999999982,3.535409153908314,513.5857031764083,19.62744567372768
06/02/2023,24,69,6.69,0,86.29343573533383,418.3267124879981,1673.983999999982,3.535409153908314,514.9437622879068,19.6274598077627
06/02/2023,24,68,6.69,0,86.34156948849716,419.5285085199981,1678.0079999999818,3.5595041190561716,516.3302308171342,19.724597879256482
06/02/2023,24,68,6.69,0,86.38971913303574,420.73030455199813,1682.0319999999817,3.5837882779613293,517.7166461425413,19.822228205544857
06/02/2023,24,68,6.69,0,86.43788467419607,421.93210058399814,1686.0559999999816,3.608262880138001,519.103008673422,19.92035186134616
06/02/2023,24,68,6.69,0,86.47234792835027,423.13389661599814,1690.0799999999815,3.625887445592791,520.4893188148826,19.990847992684618
06/02/2023,24,68,6.69,0,86.47838251401683,424.33569264799814,1694.1039999999814,3.6289832388671215,521.875576967895,20.00322660958474
06/02/2023,24,68,6.69,0,86.47943894037213,425.53748867999815,1698.1279999999813,3.6295254921981677,523.2617835293502,20.005404300576828
06/02/2023,24,68,6.69,0,86.47962387302267,426.73928471199815,1702.1519999999812,3.629620425447805,524.647938892109,20.005795145923116
06/02/2023,24,68,6.69,0,86.47965624616933,427.94108074399816,1706.175999999981,3.629637044145073,526.0340434450538,20.005872870538447
06/02/2023,24,68,6.69,0,86.47966191320181,429.14287677599816,1710.199999999981,3.629639953314692,527.4200975731386,20.00589548921146
06/02/2023,24,68,6.69,0,86.47966290523544,430.34467280799817,1714.2239999999808,3.629640462575155,528.8061016574384,20.005908178287715
06/02/2023,24,68,6.69,0,86.47966307889433,431.54646883999817,1718.2479999999807,3.629640551722955,530.192056075198,20.005918854972258
06/02/2023,24,68,6.69,0,86.47966310929392,432.7482648719982,1722.2719999999806,3.629640567328587,531.57796119988,20.00592891382324
06/02/2023,24,68,6.69,0,86.47966311461549,433.9500609039982,1726.2959999999805,3.629640570060414,532.9638174012117,20.00593860731406
06/02/2023,24,68,6.69,0,86.47966311554705,435.1518569359982,1730.3199999999804,3.629640570538632,534.3496250452329,20.005947987729062
06/02/2023,24,68,6.69,0,86.47966311571011,436.3536529679982,1734.3439999999803,3.629640570622336,535.7353844943401,20.005957072054063
06/02/2023,24,68,6.69,0,86.47966311573866,437.5554489999982,1738.3679999999802,3.629640570636991,537.1210961073332,20.00596587084921
06/02/2023,24,68,6.69,0,86.47966311574366,438.7572450319982,1742.39199999998,3.6296405706395607,538.5067602394587,20.00597439331074
06/02/2023,24,68,6.69,0,86.47966311574453,439.9590410639982,1746.41599999998,3.6296405706400043,539.8923772424546,20.005982648164785
06/02/2023,24,68,6.69,0,86.47966311574469,441.1608370959982,1750.4399999999798,3.6296405706400865,541.277947464593,20.0059906438312
06/02/2023,24,68,6.69,0,86.4796631157447,442.3626331279982,1754.4639999999797,3.6296405706400923,542.6634712507234,20.005998388459062
06/02/2023,24,68,6.69,0,86.4796631157447,443.5644291599982,1758.4879999999796,3.6296405706400923,544.0489489423135,20.006005889940088
06/02/2023,24,68,6.69,0,86.4796631157447,444.7662251919982,1762.5119999999795,3.6296405706400923,545.4343808774918,20.006013155917262
06/02/2023,24,68,6.69,0,86.4796631157447,445.9680212239982,1766.5359999999794,3.6296405706400923,546.8197673910871,20.00602019379296
06/02/2023,24,68,6.69,0,86.4796631157447,447.1698172559982,1770.5599999999793,3.6296405706400923,548.2051088146699,20.00602701073654
06/02/2023,24,68,6.69,0,86.4796631157447,448.37161328799823,1774.5839999999791,3.6296405706400923,549.590405476591,20.00603361369171
06/02/2023,24,68,6.69,0,86.4796631157447,449.57340931999823,1778.607999999979,3.6296405706400923,550.9756577020205,20.006040009383618
06/02/2023,24,68,6.69,0,86.4796631157447,450.77520535199824,1782.631999999979,3.6296405706400923,552.3608658129873,20.006046204325724
06/02/2023,24,68,6.69,0,86.4796631157447,451.97700138399824,1786.6559999999788,3.6296405706400923,553.7460301284154,20.00605220482657
06/02/2023,24,68,6.69,0,86.4796631157447,453.17879741599825,1790.6799999999787,3.6296405706400923,555.1311509641625,20.00605801699612
06/02/2023,24,68,6.69,0,86.4796631157447,454.38059344799825,1794.7039999999786,3.6296405706400923,556.516228633056,20.006063646752082
06/02/2023,24,68,6.69,0,86.4796631157447,455.58238947999826,1798.7279999999785,3.6296405706400923,557.9012634449297,20.006069099825954
06/02/2023,24,68,6.69,0,86.4796631157447,456.78418551199826,1802.7519999999784,3.6296405706400923,559.2862557066588,20.00607438176894
06/02/2023,24,68,6.69,0,86.4796631157447,457.98598154399826,1806.7759999999782,3.6296405706400923,560.6712057221965,20.006079497957526
06/02/2023,24,68,6.69,0,86.4796631157447,459.18777757599827,1810.7999999999781,3.6296405706400923,562.0561137926072,20.00608445359913
06/02/2023,24,68,6.69,0,86.4796631157447,460.3895736079983,1814.823999999978,3.6296405706400923,563.4409802161017,20.00608925373727
06/02/2023,24,68,6.69,0,86.4796631157447,461.5913696399983,1818.847999999978,3.6296405706400923,564.8258052880706,20.006093903256875
06/02/2023,24,68,6.69,0,86.4796631157447,462.7931656719983,1822.8719999999778,3.6296405706400923,566.2105893011174,20.00609840688917
06/02/2023,24,68,6.69,0,86.4796631157447,463.9949617039983,1826.8959999999777,3.6296405706400923,567.5953325450914,20.0061027692166
06/02/2023,24,68,6.69,0,86.4796631157447,465.1967577359983,1830.9199999999776,3.6296405706400923,568.9800353071208,20.006106994677452
06/02/2023,24,68,6.69,0,86.4796631157447,466.3985537679983,1834.9439999999774,3.6296405706400923,570.3646978716431,20.006111087570464
06/02/2023,24,68,6.69,0,86.4796631157447,467.6003497999983,1838.9679999999773,3.6296405706400923,571.7493205204377,20.006115052059158
06/02/2023,24,68,6.69,0,86.4796631157447,468.8021458319983,1842.9919999999772,3.6296405706400923,573.1339035326563,20.00611889217611
06/02/2023,24,68,6.69,0,86.4796631157447,470.0039418639983,1847.015999999977,3.6296405706400923,574.5184471848536,20.00612261182714
06/02/2023,24,68,6.69,0,86.4796631157447,471.2057378959983,1851.039999999977,3.6296405706400923,575.9029517510179,20.0061262147952
06/02/2023,24,68,6.69,0,86.4796631157447,472.4075339279983,1855.0639999999769,3.6296405706400923,577.2874175025999,20.00612970474433
06/02/2023,24,68,6.69,0,86.4796631157447,473.6093299599983,1859.0879999999768,3.6296405706400923,578.6718447085428,20.006133085223357
06/02/2023,24,68,6.69,0,86.4796631157447,474.8111259919983,1863.1119999999767,3.6296405706400923,580.0562336353105,20.006136359669554
06/02/2023,24,68,6.69,0,86.4796631157447,476.0129220239983,1867.1359999999765,3.6296405706400923,581.4405845469171,20.006139531412106
06/02/2023,24,68,6.69,0,86.4796631157447,477.21471805599833,1871.1599999999764,3.6296405706400923,582.8248977049535,20.006142603675535
06/02/2023,24,68,6.69,0,86.4796631157447,478.41651408799834,1875.1839999999763,3.6296405706400923,584.2091733686171,20.00614557958306
06/02/2023,24,68,6.69,0,86.4796631157447,479.61831011999834,1879.2079999999762,3.6296405706400923,585.5934117947371,20.006148462159654
06/02/2023,24,68,6.69,0,86.4796631157447,480.82010615199835,1883.231999999976,3.6296405706400923,586.9776132378028,20.00615125433527
06/02/2023,24,68,6.69,0,86.4796631157447,482.02190218399835,1887.255999999976,3.6296405706400923,588.3617779499896,20.006153958947735
06/02/2023,24,68,6.69,0,86.4796631157447,483.22369821599835,1891.2799999999759,3.6296405706400923,589.7459061811858,20.006156578745685
06/02/2023,24,68,6.69,0,86.4796631157447,484.42549424799836,1895.3039999999758,3.6296405706400923,591.1299981790177,20.006159116391405
06/02/2023,24,68,6.69,0,86.4796631157447,485.62729027999836,1899.3279999999756,3.6296405706400923,592.5140541888757,20.006161574463494
06/02/2023,24,68,6.69,0,86.4796631157447,486.82908631199837,1903.3519999999755,3.6296405706400923,593.8980744539391,20.00616395545952
06/02/2023,24,68,6.69,0,86.4796631157447,488.03088234399837,1907.3759999999754,3.6296405706400923,595.2820592152018,20.00616626179857
06/02/2023,24,68,6.69,0,86.4796631157447,489.2326783759984,1911.3999999999753,3.6296405706400923,596.6660087114956,20.006168495823736
06/02/2023,24,68,6.69,0,86.4796631157447,490.4344744079984,1915.4239999999752,3.6296405706400923,598.0499231795148,20.00617065980446
06/02/2023,24,68,6.69,0,86.4796631157447,491.6362704399984,1919.447999999975,3.6296405706400923,599.4338028538409,20.006172755938934
06/02/2023,24,68,6.69,0,86.4796631157447,492.8380664719984,1923.471999999975,3.6296405706400923,600.8176479669648,20.006174786356215
06/02/2023,24,68,6.69,0,86.4796631157447,494.0398625039984,1927.4959999999749,3.6296405706400923,602.201458749311,20.006176753118528
06/02/2023,24,68,6.69,0,86.4796631157447,495.2416585359984,1931.5199999999747,3.6296405706400923,603.5852354292599,20.006178658223305
06/02/2023,24,68,6.69,0,86.4796631157447,496.4434545679984,1935.5439999999746,3.6296405706400923,604.968978233171,20.006180503605226
06/02/2023,24,68,6.69,0,86.4796631157447,497.6452505999984,1939.5679999999745,3.6296405706400923,606.3526873854048,20.006182291138195
06/02/2023,24,68,6.69,0,86.4796631157447,498.8470466319984,1943.5919999999744,3.6296405706400923,607.7363631083448,20.006184022637242
06/02/2023,24,68,6.69,0,86.4796631157447,500.0488426639984,1947.6159999999743,3.6296405706400923,609.1200056224195,20.00618569986044
06/02/2023,24,68,6.69,0,86.4796631157447,501.2506386959984,1951.6399999999742,3.6296405706400923,610.5036151461236,20.006187324510595
06/02/2023,24,68,6.69,0,86.4796631157447,502.4524347279984,1955.663999999974,3.6296405706400923,611.887191896039,20.006188898237063
06/02/2023,24,68,6.69,0,86.4796631157447,503.6542307599984,1959.687999999974,3.6296405706400923,613.2707360868567,20.006190422637367
06/02/2023,24,68,6.69,0,86.4796631157447,504.85602679199843,1963.7119999999738,3.6296405706400923,614.6542479313955,20.006191899258912
06/02/2023,24,68,6.69,0,86.4796631157447,506.05782282399844,1967.7359999999737,3.6296405706400923,616.0377276406246,20.006193329600457
06/02/2023,24,68,6.69,0,86.4796631157447,507.25961885599844,1971.7599999999736,3.6296405706400923,617.4211754236816,20.006194715113732
06/02/2023,24,68,6.69,0,86.4796631157447,508.46141488799844,1975.7839999999735,3.6296405706400923,618.8045914878937,20.00619605720488
06/02/2023,24,69,6.69,0,86.32566645260385,509.6256547939984,1979.8079999999734,3.55152333490563,620.1601697239914,19.692850857690985
06/02/2023,24,69,6.69,0,86.29901883557457,510.7898946999984,1983.8319999999733,3.538194708994212,621.515729198012,19.63910905282273
06/02/2023,24,69,6.69,0,86.29440300261889,511.9541346059984,1987.8559999999732,3.5358915753495066,622.8712700294024,19.629815321914997
06/02/2023,24,69,6.69,0,86.2936033179402,513.1183745119984,1991.879999999973,3.5354927299845555,624.226792336598,19.62820656779003
06/02/2023,24,69,6.69,0,86.29346476976696,514.2826144179984,1995.903999999973,3.535423633679509,625.5822962370332,19.627928767859608
06/02/2023,24,69,6.69,0,86.29344076568266,515.4468543239984,1999.9279999999728,3.535411662590453,626.937781847152,19.62788151972452
06/02/2023,24,69,6.69,0,86.29343660686497,516.6110942299985,2003.9519999999727,3.5354095885489283,628.2932492824176,19.627874188256865
06/02/2023,24,69,6.69,0,86.29343588633061,517.7753341359985,2007.9759999999726,3.5354092292117976,629.6486986573241,19.62787374628496
06/02/2023,24,69,6.69,0,86.29343576149472,518.9395740419985,2011.9999999999725,3.5354091669549907,631.0041300854054,19.6278744725172
06/02/2023,24,69,6.69,0,86.29343573986633,520.1038139479986,2016.0239999999724,3.535409156168712,632.3595436792461,19.627875376494927
06/02/2023,24,69,6.69,0,86.29343573611911,521.2680538539986,2020.0479999999723,3.53540915429994,633.7149395504912,19.627876287373955
06/02/2023,24,69,6.69,0,86.29343573546988,522.4322937599986,2024.0719999999721,3.5354091539761647,635.0703178098553,19.627877176288802
06/02/2023,24,69,6.69,0,86.29343573535739,523.5965336659987,2028.095999999972,3.535409153920064,636.425678567133,19.62787803894981
06/02/2023,24,69,6.69,0,86.29343573533791,524.7607735719987,2032.119999999972,3.5354091539103485,637.7810219312081,19.627878875303463
06/02/2023,24,69,6.69,0,86.29343573533454,525.9250134779987,2036.1439999999718,3.5354091539086685,639.1363480100633,19.62787968600886
06/02/2023,24,68,6.69,0,86.34156948849787,527.1268095099987,2040.1679999999717,3.5595041190565286,640.5193835530629,19.725006220928787
06/02/2023,24,68,6.69,0,86.38971913303642,528.3286055419986,2044.1919999999716,3.5837882779616748,641.9023902122982,19.822625328900962
06/02/2023,24,68,6.69,0,86.43788467419677,529.5304015739986,2048.2159999999717,3.608262880138358,643.2853681683802,19.920738075800337
06/02/2023,24,68,6.69,0,86.4723479283504,530.7321976059985,2052.2399999999716,3.625887445592858,644.6683176004168,19.991223167449597
06/02/2023,24,68,6.69,0,86.47838251401686,531.9339936379985,2056.2639999999715,3.628983238867136,646.0512386860297,20.003590193393116
06/02/2023,24,68,6.69,0,86.47943894037213,533.1357896699984,2060.2879999999714,3.6295254921981677,647.4341316013678,20.005756504971504
06/02/2023,24,68,6.69,0,86.47962387302267,534.3375857019984,2064.3119999999712,3.629620425447805,648.8169965211248,20.006136302541705
06/02/2023,24,68,6.69,0,86.47965624616933,535.5393817339983,2068.335999999971,3.629637044145073,650.1998336185517,20.00620332208654
06/02/2023,24,68,6.69,0,86.47966191320181,536.7411777659983,2072.359999999971,3.629639953314692,651.5826430654737,20.006215571259144
06/02/2023,24,68,6.69,0,86.47966290523544,537.9429737979982,2076.383999999971,3.629640462575155,652.9654250323038,20.006218216466614
06/02/2023,24,68,6.69,0,86.47966307889433,539.1447698299982,2080.407999999971,3.629640551722955,654.348179688057,20.006219164775292
06/02/2023,24,68,6.69,0,86.47966310929392,540.3465658619981,2084.4319999999707,3.629640567328587,655.7309072003665,20.00621980083709
06/02/2023,24,68,6.69,0,86.47966311461549,541.548361893998,2088.4559999999706,3.629640570060414,657.1136077354946,20.006220367516494
06/02/2023,24,68,6.69,0,86.47966311554705,542.750157925998,2092.4799999999705,3.629640570538632,658.4962814583497,20.006220907789164
06/02/2023,24,68,6.69,0,86.47966311571011,543.951953957998,2096.5039999999703,3.629640570622336,659.8789285324988,20.006221429625075
06/02/2023,24,68,6.69,0,86.47966311573866,545.1537499899979,2100.5279999999702,3.629640570636991,661.2615491201802,20.006221934852444
06/02/2023,24,68,6.69,0,86.47966311574366,546.3555460219978,2104.55199999997,3.6296405706395607,662.6441433823194,20.00622242421064
06/02/2023,24,68,6.69,0,86.47966311574453,547.5573420539978,2108.57599999997,3.6296405706400043,664.0267114785396,20.006222898235276
06/02/2023,24,68,6.69,0,86.47966311574469,548.7591380859977,2112.59999999997,3.6296405706400865,665.4092535671766,20.006223357413628
06/02/2023,24,68,6.69,0,86.4796631157447,549.9609341179977,2116.62399999997,3.6296405706400923,666.7917698052914,20.006223802212066
06/02/2023,24,68,6.69,0,86.4796631157447,551.1627301499976,2120.6479999999697,3.6296405706400923,668.1742603486825,20.00622423308148
06/02/2023,24,68,6.69,0,86.4796631157447,552.3645261819976,2124.6719999999696,3.6296405706400923,669.5567253518997,20.00622465045837
06/02/2023,24,68,6.69,0,86.4796631157447,553.5663222139975,2128.6959999999694,3.6296405706400923,670.9391649682548,20.00622505476556
06/02/2023,24,68,6.69,0,86.4796631157447,554.7681182459975,2132.7199999999693,3.6296405706400923,672.3215793498354,20.006225446412532
06/02/2023,24,68,6.69,0,86.4796631157447,555.9699142779974,2136.743999999969,3.6296405706400923,673.7039686475172,20.00622582579601
06/02/2023,24,68,6.69,0,86.4796631157447,557.1717103099974,2140.767999999969,3.6296405706400923,675.0863330109746,20.006226193300268
06/02/2023,24,68,6.69,0,86.4796631157447,558.3735063419973,2144.791999999969,3.6296405706400923,676.4686725886946,20.006226549297477
06/02/2023,24,68,6.69,0,86.4796631157447,559.5753023739973,2148.815999999969,3.6296405706400923,677.8509875279867,20.006226894148178
06/02/2023,24,68,6.69,0,86.4796631157447,560.7770984059972,2152.8399999999688,3.6296405706400923,679.2332779749956,20.00622722820161
06/02/2023,24,68,6.69,0,86.4796631157447,561.9788944379972,2156.8639999999687,3.6296405706400923,680.6155440747127,20.00622755179602
06/02/2023,24,68,6.69,0,86.4796631157447,563.1806904699971,2160.8879999999685,3.6296405706400923,681.9977859709868,20.006227865259127
06/02/2023,24,68,6.69,0,86.4796631157447,564.382486501997,2164.9119999999684,3.6296405706400923,683.3800038065363,20.006228168908294
06/02/2023,24,68,6.69,0,86.4796631157447,565.584282533997,2168.9359999999683,3.6296405706400923,684.762197722959,20.00622846305097
06/02/2023,24,68,6.69,0,86.4796631157447,566.786078565997,2172.959999999968,3.6296405706400923,686.1443678607443,20.00622874798498
06/02/2023,24,68,6.69,0,86.4796631157447,567.9878745979969,2176.983999999968,3.6296405706400923,687.5265143592836,20.006229023998774
06/02/2023,24,68,6.69,0,86.4796631157447,569.1896706299968,2181.007999999968,3.6296405706400923,688.9086373568804,20.006229291371817
06/02/2023,24,68,6.69,0,86.4796631157447,570.3914666619968,2185.031999999968,3.6296405706400923,690.2907369907622,20.00622955037474
06/02/2023,24,68,6.69,0,86.4796631157447,571.5932626939967,2189.0559999999678,3.6296405706400923,691.6728133970895,20.006229801269754
06/02/2023,24,68,6.69,0,86.4796631157447,572.7950587259967,2193.0799999999676,3.6296405706400923,693.054866710967,20.00623004431082
06/02/2023,24,68,6.69,0,86.4796631157447,573.9968547579966,2197.1039999999675,3.6296405706400923,694.436897066454,20.00623027974394
06/02/2023,24,68,6.69,0,86.4796631157447,575.1986507899966,2201.1279999999674,3.6296405706400923,695.8189045965734,20.006230507807377
06/02/2023,24,68,6.69,0,86.4796631157447,576.4004468219965,2205.1519999999673,3.6296405706400923,697.2008894333233,20.00623072873202
06/02/2023,24,68,6.69,0,86.4796631157447,577.6022428539965,2209.175999999967,3.6296405706400923,698.5828517076851,20.00623094274141
06/02/2023,24,68,6.69,0,86.4796631157447,578.8040388859964,2213.199999999967,3.6296405706400923,699.9647915496347,20.006231150052166
06/02/2023,24,68,6.69,0,86.4796631157447,580.0058349179964,2217.223999999967,3.6296405706400923,701.3467090881517,20.006231350874042
06/02/2023,24,68,6.69,0,86.4796631157447,581.2076309499963,2221.247999999967,3.6296405706400923,702.728604451228,20.006231545410273
06/02/2023,24,68,6.69,0,86.4796631157447,582.4094269819963,2225.2719999999667,3.6296405706400923,704.1104777658791,20.006231733857724
06/02/2023,24,68,6.69,0,86.4796631157447,583.6112230139962,2229.2959999999666,3.6296405706400923,705.4923291581514,20.00623191640707
06/02/2023,24,68,6.69,0,86.4796631157447,584.8130190459962,2233.3199999999665,3.6296405706400923,706.8741587531329,20.006232093243028
06/02/2023,24,68,6.69,0,86.4796631157447,586.0148150779961,2237.3439999999664,3.6296405706400923,708.2559666749617,20.006232264544476
06/02/2023,24,68,6.69,0,86.4796631157447,587.216611109996,2241.3679999999663,3.6296405706400923,709.6377530468345,20.00623243048477
06/02/2023,24,68,6.69,0,86.4796631157447,588.418407141996,2245.391999999966,3.6296405706400923,711.019517991017,20.00623259123178
06/02/2023,24,68,6.69,0,86.4796631157447,589.620203173996,2249.415999999966,3.6296405706400923,712.4012616288509,20.006232746948097
06/02/2023,24,68,6.69,0,86.4796631157447,590.8219992059959,2253.439999999966,3.6296405706400923,713.782984080764,20.006232897791268
06/02/2023,24,68,6.69,0,86.4796631157447,592.0237952379958,2257.463999999966,3.6296405706400923,715.1646854662777,20.0062330439139
06/02/2023,24,68,6.69,0,86.4796631157447,593.2255912699958,2261.4879999999657,3.6296405706400923,716.5463659040163,20.006233185463774
06/02/2023,24,68,6.69,0,86.4796631157447,594.4273873019957,2265.5119999999656,3.6296405706400923,717.9280255117155,20.006233322584073
06/02/2023,24,68,6.69,0,86.4796631157447,595.6291833339957,2269.5359999999655,3.6296405706400923,719.3096644062299,20.006233455413504
06/02/2023,24,68,6.69,0,86.4796631157447,596.8309793659956,2273.5599999999654,3.6296405706400923,720.6912827035416,20.00623358408638
06/02/2023,24,68,6.69,0,86.4796631157447,598.0327753979956,2277.5839999999653,3.6296405706400923,722.0728805187687,20.00623370873285
06/02/2023,24,68,6.69,0,86.4796631157447,599.2345714299955,2281.607999999965,3.6296405706400923,723.4544579661728,20.006233829478994
